{
  "per_label_thresholds": {
    "SR-ATAD5": 0.5500000000000002,
    "NR-AhR": 0.5000000000000001,
    "SR-MMP": 0.5500000000000002,
    "SR-p53": 0.3500000000000001
  }
}